{
    "classical_dynamics": {
        "log_intervals": {
            "iteration": 50,
            "trajectory": 1000
        },
        "hamiltonian": {
            "name": "uracil8D_1"
        },
        "initial_conditions": {
            "position_mean": [
                0,
                0,
                0,
                0,
                0,
                0,
                0,
                0
            ],
            "position_std": [
                12.22724610658046,
                11.930248629754976,
                9.59083593388877,
                8.907700234488077,
                8.834541664762424,
                8.098949912951625,
                7.893997883639914,
                7.821057237905265
            ],
            "momentum_mean": [
                0,
                0,
                0,
                0,
                0,
                0,
                0,
                0
            ],
            "momentum_std": [
                0.0817845646749369,
                0.08382054985056402,
                0.10426619815969815,
                0.112262421688629,
                0.11319206337422279,
                0.12347279718335172,
                0.12667852395456952,
                0.12785995161286312
            ],
            "state": [
                0.01,
                0.05,
                0.94,
                0
            ],
            "mass": [
                1,
                1,
                1,
                1,
                1,
                1,
                1,
                1
            ]
        },
        "write": {
            "population_mean": "URACIL_LVC_POPULATION_uracil8D_1_LZSH-NEAREST.mat"
        },
        "iterations": 250,
        "time_step": 10,
        "trajectories": 10000,
        "landau_zener": {
            "mode": "nearest"
        }
    }
}